s_name,50%
s_w,0.1289735
s_b_ex,0.0062728
s_Y,0.1257795
