s_name,50%
s_w,0.157766
s_b_ex,0.02658525
s_Y,0.148465
