s_name,50%
s_w,0.1360405
s_b_ex,0.04681695
s_Y,0.1385285
