s_name,50%
s_w,0.1774805
s_b_ex,0.0436171
s_Y,0.1386015
