s_name,50%
s_w,0.1357635
s_b_ex,0.0277512
s_Y,0.105785
