s_name,50%
s_w,0.1222955
s_b_ex,0.02842185
s_Y,0.113751
