s_name,50%
s_w,0.1611315
s_b_ex,0.05444655
s_Y,0.1667435
