s_name,50%
s_w,0.1432595
s_b_ex,0.0273171
s_Y,0.1364095
