s_name,50%
s_w,0.08665335
s_b_ex,0.0391338
s_Y,0.1016
