s_name,50%
s_w,0.193728
s_b_ex,0.06897305
s_Y,0.178143
