s_name,50%
s_w,0.14258
s_b_ex,0.00788921
s_Y,0.1290345
