s_name,50%
s_w,0.126548
s_b_ex,0.03461465
s_Y,0.1357155
