s_name,50%
s_w,0.0917086
s_b_ex,0.02781155
s_Y,0.1036615
