s_name,50%
s_w,0.1363325
s_b_ex,0.05581155
s_Y,0.148918
