s_name,50%
s_w,0.1597275
s_b_ex,0.0372669
s_Y,0.202961
