s_name,50%
s_w,0.09451165
s_b_ex,0.02372125
s_Y,0.0817195
