s_name,50%
s_w,0.1228985
s_b_ex,0.0549424
s_Y,0.138932
