s_name,50%
s_w,0.08088855
s_b_ex,0.05457665
s_Y,0.1783365
