s_name,50%
s_w,0.1910235
s_b_ex,0.02276695
s_Y,0.1613525
