s_name,50%
s_w,0.16132
s_b_ex,0.0142307
s_Y,0.1647455
