s_name,50%
s_w,0.217748
s_b_ex,0.0722043
s_Y,0.2140515
