s_name,50%
s_w,0.164068
s_b_ex,0.057854
s_Y,0.193433
