s_name,50%
s_w,0.1649325
s_b_ex,0.03113425
s_Y,0.140826
