s_name,50%
s_w,0.12665
s_b_ex,0.0345768
s_Y,0.1486645
