s_name,50%
s_w,0.129785
s_b_ex,0.008280695
s_Y,0.1247475
