s_name,50%
s_w,0.120302
s_b_ex,0.0400795
s_Y,0.1361295
