s_name,50%
s_w,0.155113
s_b_ex,0.0364545
s_Y,0.160536
