s_name,50%
s_w,0.1676525
s_b_ex,0.0590302
s_Y,0.1557825
