s_name,50%
s_w,0.1032105
s_b_ex,0.02665755
s_Y,0.10964
