s_name,50%
s_w,0.1372195
s_b_ex,0.009200585
s_Y,0.1395865
