s_name,50%
s_w,0.1632305
s_b_ex,0.1010055
s_Y,0.160129
