s_name,50%
s_w,0.124839
s_b_ex,0.0703813
s_Y,0.1388425
