s_name,50%
s_w,0.1390355
s_b_ex,0.0201138
s_Y,0.1417205
