s_name,50%
s_w,0.1711635
s_b_ex,0.0286316
s_Y,0.1721355
