s_name,50%
s_w,0.106688
s_b_ex,0.03250255
s_Y,0.09931535
