s_name,50%
s_w,0.143394
s_b_ex,0.0601993
s_Y,0.1401515
