s_name,50%
s_w,0.143819
s_b_ex,0.04276535
s_Y,0.143476
