s_name,50%
s_w,0.1551595
s_b_ex,0.05510605
s_Y,0.1386495
