s_name,50%
s_w,0.196532
s_b_ex,0.00926775
s_Y,0.167394
