s_name,50%
s_w,0.1633375
s_b_ex,0.02741825
s_Y,0.151263
