s_name,50%
s_w,0.184065
s_b_ex,0.0268662
s_Y,0.158573
