s_name,50%
s_w,0.131824
s_b_ex,0.0090624
s_Y,0.110243
