s_name,50%
s_w,0.216777
s_b_ex,0.05219255
s_Y,0.2213755
