s_name,50%
s_w,0.141621
s_b_ex,0.04143055
s_Y,0.179962
