s_name,50%
s_w,0.145854
s_b_ex,0.0532471
s_Y,0.110387
