s_name,50%
s_w,0.116384
s_b_ex,0.0116614
s_Y,0.114054
