s_name,50%
s_w,0.166001
s_b_ex,0.0727714
s_Y,0.1469045
