s_name,50%
s_w,0.17511
s_b_ex,0.07348135
s_Y,0.146006
