s_name,50%
s_w,0.1206295
s_b_ex,0.07980075
s_Y,0.145745
